<?xml version="1.0" encoding="UTF-8"?>
<metadata xml:lang="en"><Esri><CreaDate>20240427</CreaDate><CreaTime>15081500</CreaTime><ArcGISFormat>1.0</ArcGISFormat><SyncOnce>TRUE</SyncOnce><DataProperties><lineage><Process ToolSource="c:\program files (x86)\arcgis\desktop10.8\ArcToolbox\Toolboxes\Data Management Tools.tbx\CreateFishnet" Date="20231116" Time="114113">CreateFishnet C:\D1MPA_Review\grid025pol.shp "-103 -88" "-103 -78" 0.25 0.25 # # "-20 -55" NO_LABELS grid025 POLYGON</Process><Process ToolSource="c:\program files (x86)\arcgis\desktop10.8\ArcToolbox\Toolboxes\Data Management Tools.tbx\CalculateField" Date="20231207" Time="165803">CalculateField Grid_Domain1 pu [FID] VB #</Process></lineage></DataProperties></Esri></metadata>
