<?xml version="1.0" encoding="UTF-8"?>
<metadata xml:lang="en"><Esri><CreaDate>20240502</CreaDate><CreaTime>16141100</CreaTime><ArcGISFormat>1.0</ArcGISFormat><SyncOnce>TRUE</SyncOnce><DataProperties><lineage><Process ToolSource="c:\program files (x86)\arcgis\desktop10.8\ArcToolbox\Toolboxes\Data Management Tools.tbx\CalculateField" Date="20240430" Time="152814">CalculateField D1MPA_Vertices_2023 Zone "GPZ" VB #</Process><Process ToolSource="c:\program files (x86)\arcgis\desktop10.8\ArcToolbox\Toolboxes\Data Management Tools.tbx\CalculateField" Date="20240430" Time="152827">CalculateField D1MPA_Vertices_2023 Zone "KFZ" VB #</Process></lineage></DataProperties></Esri></metadata>
