<?xml version="1.0" encoding="UTF-8"?>
<metadata xml:lang="en"><Esri><CreaDate>20240502</CreaDate><CreaTime>15443500</CreaTime><ArcGISFormat>1.0</ArcGISFormat><SyncOnce>TRUE</SyncOnce><DataProperties><lineage><Process ToolSource="c:\program files (x86)\arcgis\desktop10.8\ArcToolbox\Toolboxes\Conversion Tools.tbx\RasterToPoint" Date="20240426" Time="135927">RasterToPoint mask.tif C:\Users\lkrug\OneDrive\Documentos\ArcGIS\Default.gdb\RasterT_tif5 Value</Process></lineage></DataProperties></Esri></metadata>
