<PAMDataset>
  <PAMRasterBand band="1">
    <Histograms>
      <HistItem>
        <HistMin>0</HistMin>
        <HistMax>0.9999815225601196</HistMax>
        <BucketCount>256</BucketCount>
        <IncludeOutOfRange>1</IncludeOutOfRange>
        <Approximate>0</Approximate>
        <HistCounts>21839|331|216|243|140|120|116|66|66|57|58|53|28|43|39|38|32|22|25|28|21|25|21|14|10|11|8|14|14|11|12|7|9|7|11|6|8|5|7|3|5|1|3|4|1|1|2|4|5|2|1|3|2|2|2|1|1|1|1|0|2|1|3|0|0|1|1|0|2|1|0|0|2|0|0|1|0|0|2|0|0|1|0|1|0|1|0|1|2|1|2|0|0|0|0|1|1|0|0|0|0|1|0|1|0|0|1|0|1|0|0|2|1|1|0|0|0|0|0|0|0|1|1|0|0|0|0|0|0|0|0|0|0|0|0|0|0|0|0|0|0|0|0|0|0|1|0|0|1|0|0|0|0|0|1|1|0|0|0|0|0|0|0|0|0|0|0|0|0|0|0|0|0|0|0|0|0|0|0|0|0|0|0|0|0|0|0|0|0|0|0|0|0|0|0|0|0|1|0|0|0|0|0|0|0|0|0|0|0|0|0|0|0|0|0|0|0|0|0|0|0|0|0|0|0|0|0|0|0|0|0|0|0|0|0|0|0|0|0|0|0|0|0|0|0|0|0|0|0|0|0|0|0|0|0|1</HistCounts>
      </HistItem>
    </Histograms>
  </PAMRasterBand>
</PAMDataset>
